RK,NAME,POS,GP,MIN,PTS,FGM,FGA,FG%,3PM,3PA,3P%,FTM,FTA,FT%,REB,AST,STL,BLK,TO,DD2,TD3,PER
1,Russell WestbrookOKC,PG,81,34.6,31.6,10.2,24,42.5,2.5,7.2,34.3,8.8,10.4,84.5,10.7,10.4,1.6,0.4,5.4,62,42,30.7
2,James HardenHOU,SG,81,36.4,29.1,8.3,18.9,44,3.2,9.3,34.7,9.2,10.9,84.7,8.1,11.2,1.5,0.5,5.7,64,22,27.43
3,Isaiah ThomasBOS,G,76,33.8,28.9,9,19.4,46.3,3.2,8.5,37.9,7.8,8.5,90.9,2.7,5.9,0.9,0.2,2.8,5,0,26.59
4,Anthony DavisNO,PF,75,36.1,28,10.3,20.3,50.5,0.5,1.8,29.9,6.9,8.6,80.2,11.8,2.1,1.3,2.2,2.4,49,0,27.59
5,DeMar DeRozanTOR,SF,74,35.4,27.3,9.7,20.9,46.7,0.4,1.7,26.6,7.4,8.7,84.2,5.2,3.9,1.1,0.2,2.4,5,0,24.09
6,Damian LillardPOR,PG,75,35.9,27,8.8,19.8,44.4,2.9,7.7,37,6.5,7.3,89.5,4.9,5.9,0.9,0.3,2.6,11,0,24.15
7,DeMarcus CousinsSAC/NO,C,72,34.2,27,9,19.9,45.2,1.8,5,36.1,7.2,9.3,77.2,11,4.6,1.4,1.3,3.7,46,2,25.84
8,LeBron JamesCLE,SF,74,37.8,26.4,9.9,18.2,54.8,1.7,4.6,36.3,4.8,7.2,67.4,8.6,8.7,1.2,0.6,4.1,42,13,27.11
9,Kawhi LeonardSA,SF,74,33.4,25.5,8.6,17.7,48.5,2,5.2,38,6.3,7.2,88,5.8,3.5,1.8,0.7,2.1,9,0,27.62
10,Stephen CurryGS,PG,79,33.4,25.3,8.5,18.3,46.8,4.1,10,41.1,4.1,4.6,89.8,4.5,6.6,1.8,0.2,3,9,0,24.74
11,Kyrie IrvingCLE,PG,72,35.1,25.2,9.3,19.7,47.3,2.5,6.1,40.1,4.1,4.6,90.5,3.2,5.8,1.2,0.3,2.5,8,0,23.09
12,Karl-Anthony TownsMIN,C,82,37,25.1,9.8,18,54.2,1.2,3.4,36.7,4.3,5.2,83.2,12.3,2.7,0.7,1.3,2.6,62,1,26
13,Kevin DurantGS,PF,62,33.4,25.1,8.9,16.5,53.7,1.9,5,37.5,5.4,6.2,87.5,8.3,4.8,1.1,1.6,2.2,23,1,27.68
14,Jimmy ButlerCHI,SF,76,37,23.9,7.5,16.5,45.5,1.2,3.3,36.7,7.7,8.9,86.5,6.2,5.5,1.9,0.4,2.1,15,2,25.19
15,Paul GeorgeIND,SG,75,35.9,23.7,8.3,18,46.1,2.6,6.6,39.3,4.5,5,89.8,6.6,3.3,1.6,0.4,2.9,11,0,20.3
16,Andrew WigginsMIN,SF,82,37.2,23.6,8.6,19.1,45.2,1.3,3.5,35.6,5,6.6,76,4,2.3,1,0.4,2.3,1,0,16.62
17,Kemba WalkerCHA,PG,79,34.7,23.2,8.1,18.3,44.4,3,7.6,39.9,3.8,4.5,84.7,3.9,5.5,1.1,0.3,2.1,8,0,21.41
18,John WallWSH,PG,78,36.4,23.1,8.3,18.4,45.1,1.1,3.5,32.7,5.4,6.8,80.1,4.2,10.7,2,0.6,4.1,50,0,23.28
19,Bradley BealWSH,SG,77,34.9,23.1,8.3,17.2,48.2,2.9,7.2,40.4,3.7,4.4,82.5,3.1,3.5,1.1,0.3,2,1,0,20.21
20,CJ McCollumPOR,SG,80,35,23,8.7,18,48,2.3,5.5,42.1,3.4,3.7,91.2,3.6,3.6,0.9,0.5,2.2,1,0,19.99
21,Giannis AntetokounmpoMIL,PF,80,35.6,22.9,8.2,15.7,52.1,0.6,2.3,27.2,5.9,7.7,77,8.8,5.4,1.6,1.9,2.9,32,3,26.13
22,Carmelo AnthonyNY,PF,74,34.3,22.4,8.1,18.8,43.3,2,5.7,35.9,4.1,4.9,83.3,5.9,2.9,0.8,0.4,2.1,7,0,17.96
23,Kyle LowryTOR,PG,60,37.4,22.4,7.1,15.3,46.4,3.2,7.8,41.2,5,6.1,81.9,4.8,7,1.5,0.3,2.9,11,1,22.92
24,Klay ThompsonGS,SG,78,34,22.3,8.3,17.6,46.8,3.4,8.3,41.4,2.4,2.8,85.3,3.7,2.1,0.8,0.5,1.6,0,0,17.53
25,Devin BookerPHX,SG,78,35,22.1,7.8,18.3,42.3,1.9,5.2,36.3,4.7,5.7,83.2,3.2,3.4,0.9,0.3,3.1,0,0,14.64
26,Gordon HaywardUTAH,SF,73,34.5,21.9,7.5,15.8,47.1,2,5.1,39.8,5,5.9,84.4,5.4,3.5,1,0.3,1.9,2,0,22.23
27,Blake GriffinLAC,PF,61,34,21.6,7.9,15.9,49.3,0.6,1.9,33.6,5.2,6.9,76,8.1,4.9,0.9,0.4,2.3,19,1,22.71
28,Eric BledsoePHX,SG,66,33,21.1,6.8,15.7,43.4,1.6,4.7,33.5,5.9,6.9,84.7,4.8,6.3,1.4,0.5,3.4,7,1,20.56
29,Brook LopezBKN,C,75,29.6,20.5,7.4,15.6,47.4,1.8,5.2,34.6,3.9,4.9,81,5.4,2.3,0.5,1.7,2.5,2,0,20.48
30,Mike ConleyMEM,PG,69,33.2,20.5,6.7,14.6,45.9,2.5,6.1,40.7,4.6,5.3,85.9,3.5,6.3,1.3,0.3,2.3,8,0,23.26
31,Goran DragicMIA,PG,73,33.7,20.3,7.3,15.4,47.5,1.6,4,40.5,4.1,5.2,79,3.8,5.8,1.2,0.2,2.9,6,0,19.84
32,Joel EmbiidPHI,C,31,25.4,20.2,6.5,13.8,46.6,1.2,3.2,36.7,6.2,7.9,78.3,7.8,2.1,0.9,2.5,3.8,9,0,24.15
33,Jabari ParkerMIL,PF,51,33.9,20.1,7.8,16,49,1.3,3.5,36.5,3.2,4.3,74.3,6.2,2.8,1,0.4,1.8,2,0,19.15
34,Marc GasolMEM,C,74,34.2,19.5,7.2,15.7,45.9,1.4,3.6,38.8,3.8,4.5,83.7,6.3,4.6,0.9,1.3,2.2,11,2,20.32
35,Harrison BarnesDAL,SF,79,35.5,19.2,7.6,16.2,46.8,1,2.8,35.1,3.1,3.6,86.1,5,1.5,0.8,0.2,1.3,1,0,16.34
36,Kevin LoveCLE,PF,60,31.4,19,6.2,14.5,42.7,2.4,6.5,37.3,4.3,4.9,87.1,11.1,1.9,0.9,0.4,2,41,0,21.18
37,Zach LaVineMIN,SG,47,37.2,18.9,6.9,15.1,45.9,2.6,6.6,38.7,2.5,3,83.6,3.4,3,0.9,0.2,1.8,0,0,14.69
38,Rudy GaySAC,SF,30,33.8,18.7,6.7,14.7,45.5,1.4,3.8,37.2,3.9,4.6,85.5,6.3,2.8,1.5,0.9,2.5,4,0,17.95
39,Dwyane WadeCHI,G,60,29.9,18.3,6.9,15.9,43.4,0.8,2.4,31,3.7,4.7,79.4,4.5,3.8,1.4,0.7,2.3,2,0,18.55
40,Danilo GallinariDEN,PF,63,33.9,18.2,5.3,11.9,44.7,2,5.1,38.9,5.5,6.1,90.2,5.2,2.1,0.6,0.2,1.3,4,0,17.41
41,Kristaps PorzingisNY,C,66,32.8,18.1,6.7,14.9,45,1.7,4.8,35.7,3,3.8,78.6,7.2,1.5,0.7,2,1.8,12,0,17.49
42,Chris PaulLAC,PG,61,31.5,18.1,6.1,12.9,47.6,2,5,41.1,3.8,4.3,89.2,5,9.2,2,0.1,2.4,24,1,26.25
43,Paul MillsapATL,PF,69,34,18.1,6.2,14.1,44.2,1.1,3.5,31.1,4.5,5.9,76.8,7.7,3.7,1.3,0.9,2.3,19,0,17.91
44,Derrick RoseNY,PG,64,32.5,18,7.2,15.3,47.1,0.2,0.9,21.7,3.5,4,87.4,3.8,4.4,0.7,0.3,2.3,2,0,17.05
45,Dennis SchroderATL,PG,79,31.5,17.9,6.9,15.4,45.1,1.3,3.7,34,2.8,3.2,85.5,3.1,6.3,0.9,0.2,3.3,10,0,16.18
46,Lou WilliamsLAL/HOU,SG,81,24.6,17.5,5.3,12.3,42.9,2,5.5,36.5,5,5.6,88,2.5,3,1,0.2,2,0,0,21.44
47,LaMarcus AldridgeSA,C,72,32.4,17.3,6.9,14.6,47.7,0.3,0.8,41.1,3.1,3.8,81.2,7.3,1.9,0.6,1.2,1.4,18,0,18.66
48,Evan FournierORL,SG,68,32.9,17.2,6,13.7,43.9,1.9,5.3,35.6,3.3,4.1,80.5,3.1,3,1,0.1,2.1,1,0,13.99
49,Hassan WhitesideMIA,C,77,32.6,17,7,12.6,55.7,0,0,0,2.9,4.6,62.8,14.1,0.7,0.7,2.1,2,58,0,22.68
50,George HillUTAH,PG,49,31.5,16.9,5.9,12.4,47.7,1.9,4.8,40.3,3.2,4,80.1,3.4,4.2,1,0.2,1.7,0,0,19.38
51,Nikola JokicDEN,C,73,27.9,16.7,6.8,11.7,57.8,0.6,1.9,32.4,2.6,3.1,82.5,9.8,4.9,0.8,0.8,2.3,39,6,26.4
52,Avery BradleyBOS,PG,55,33.4,16.3,6.5,14.1,46.3,2,5,39,1.2,1.7,73.1,6.1,2.2,1.2,0.2,1.6,10,0,14.52
53,Eric GordonHOU,SG,75,31,16.2,5.5,13.5,40.6,3.3,8.8,37.2,2,2.3,84,2.7,2.5,0.6,0.5,1.6,0,0,13.22
54,Tobias HarrisDET,PF,82,31.3,16.1,6.2,13,48.1,1.3,3.8,34.7,2.3,2.8,84.1,5.1,1.7,0.7,0.5,1.2,3,0,16.95
55,Victor OladipoOKC,SG,67,33.2,15.9,6.1,13.9,44.2,1.9,5.3,36.1,1.7,2.3,75.3,4.3,2.6,1.2,0.3,1.8,3,0,13.62
56,Dion WaitersMIA,G,46,30.1,15.8,6.1,14.4,42.4,1.8,4.7,39.5,1.8,2.8,64.6,3.3,4.3,0.9,0.4,2.2,2,0,14.61
57,Wilson ChandlerDEN,F,71,30.9,15.7,6.1,13.2,46.1,1.5,4.6,33.7,2,2.7,72.7,6.5,2,0.7,0.4,1.6,9,0,15
58,D'Angelo RussellLAL,PG,63,28.7,15.6,5.6,13.8,40.5,2.1,6.1,35.2,2.3,3,78.2,3.5,4.8,1.4,0.3,2.8,2,0,15.36
59,Jrue HolidayNO,PG,67,32.7,15.4,6,13.3,45.4,1.5,4.2,35.6,1.8,2.5,70.8,3.9,7.3,1.5,0.7,2.9,16,0,17.19
60,Jeff TeagueIND,PG,82,32.4,15.3,4.9,11.1,44.2,1.1,3.1,35.7,4.4,5.1,86.7,4,7.8,1.2,0.4,2.6,16,0,19.24
61,Nicolas BatumCHA,PF,77,34,15.1,5.1,12.7,40.3,1.8,5.3,33.3,3.2,3.7,85.6,6.2,5.9,1.1,0.4,2.5,15,1,15.86
62,JJ RedickLAC,SG,78,28.2,15,5.1,11.4,44.5,2.6,6,42.9,2.3,2.6,89.1,2.2,1.4,0.7,0.2,1.3,0,0,14.87
63,Gary HarrisDEN,SG,57,31.3,14.9,5.6,11.2,50.2,1.9,4.5,42,1.8,2.4,77.6,3.1,2.9,1.2,0.1,1.3,0,0,16.52
64,Serge IbakaTOR/ORL,C,79,30.7,14.8,6,12.4,48,1.6,4,39.1,1.4,1.6,85.6,6.8,0.9,0.5,1.6,1.3,11,0,16.46
65,Jordan ClarksonLAL,PG,82,29.2,14.7,5.8,13.1,44.5,1.4,4.3,32.9,1.6,2,79.8,3,2.6,1.1,0.1,2,0,0,13.23
66,Khris MiddletonMIL,SF,29,30.7,14.7,5.2,11.5,45,1.6,3.6,43.3,2.8,3.2,88,4.2,3.4,1.4,0.2,2.2,0,0,15.07
67,Nikola VucevicORL,C,75,28.8,14.6,6.4,13.7,46.8,0.3,1,30.7,1.4,2.1,66.9,10.4,2.8,1,1,1.6,38,0,19.19
68,Jeremy LinBKN,G,36,24.5,14.5,4.9,11.1,43.8,1.6,4.3,37.2,3.2,3.9,81.6,3.8,5.1,1.2,0.4,2.4,3,0,19.33
69,Myles TurnerIND,C,81,31.4,14.5,5.5,10.7,51.1,0.5,1.4,34.8,3,3.7,80.9,7.3,1.3,0.9,2.1,1.3,15,0,18.51
70,Tim Hardaway Jr.ATL,SF,79,27.3,14.5,5.3,11.5,45.5,1.9,5.3,35.7,2.1,2.7,76.6,2.8,2.3,0.7,0.2,1.3,0,0,15.26
71,Reggie JacksonDET,PG,52,27.4,14.5,5.5,13,42,1.3,3.5,35.9,2.3,2.6,86.8,2.2,5.2,0.7,0.1,2.2,4,0,14.94
72,T.J. WarrenPHX,SF,66,31,14.4,6.1,12.3,49.5,0.4,1.5,26.5,1.8,2.3,77.3,5.1,1.1,1.2,0.6,0.9,5,0,15.64
73,Enes FreedomOKC,C,72,21.3,14.3,5.6,10.2,54.5,0.1,0.5,13.2,3.1,4,78.6,6.7,0.9,0.4,0.5,1.7,18,0,23.74
74,Dirk NowitzkiDAL,F,54,26.4,14.2,5.5,12.6,43.7,1.5,3.9,37.8,1.8,2.1,87.5,6.5,1.5,0.6,0.7,0.9,8,0,17.1
75,Zach RandolphMEM,F,73,24.5,14.1,5.9,13.2,44.9,0.3,1.3,22.3,1.9,2.6,73.1,8.2,1.7,0.5,0.1,1.4,20,0,18.58
76,Jordan CrawfordNO,G,19,23.3,14.1,5.5,11.5,48.2,1.9,5,38.9,1.1,1.4,76.9,1.8,3,0.6,0.1,1.3,0,0,17.71
77,Rudy GobertUTAH,C,81,33.9,14,5.1,7.7,66.1,0,0,0,3.8,5.9,65.3,12.8,1.2,0.6,2.6,1.8,58,0,23.31
78,Al HorfordBOS,C,68,32.3,14,5.6,11.8,47.3,1.3,3.6,35.5,1.6,2,80,6.8,5,0.8,1.3,1.7,8,0,17.77
79,Marcus Morris Sr.DET,SF,79,32.5,14,5.3,12.7,41.8,1.5,4.5,33.1,1.8,2.3,78.4,4.6,2,0.7,0.3,1.1,5,0,12.47
80,Markieff MorrisWSH,PF,76,31.2,14,5.3,11.7,45.7,0.9,2.6,36.2,2.4,2.8,83.7,6.5,1.7,1.1,0.6,1.7,9,0,13.75
81,Jae CrowderBOS,PF,72,32.4,13.9,4.6,10,46.3,2.2,5.5,39.8,2.4,3,81.1,5.8,2.2,1,0.3,1.1,7,0,14.99
82,Kentavious Caldwell-PopeDET,SG,76,33.3,13.8,4.9,12.2,39.9,2,5.8,35,2,2.4,83.2,3.3,2.5,1.2,0.2,1.1,1,0,12.9
83,Bojan BogdanovicWSH/BKN,SF,81,25.7,13.7,4.6,10.4,44.5,1.8,4.8,36.7,2.7,3,89.3,3.4,1.4,0.4,0.1,1.6,0,0,13.56
84,Tyler JohnsonMIA,G,73,29.8,13.7,4.9,11.3,43.3,1.3,3.4,37.2,2.7,3.5,76.8,4,3.2,1.2,0.6,1.2,0,0,15.94
85,Will BartonDEN,SF,60,28.4,13.7,4.9,11.1,44.3,1.5,3.9,37,2.4,3.2,75.3,4.3,3.4,0.8,0.5,1.6,2,0,15.55
86,Andre DrummondDET,C,81,29.7,13.6,6,11.2,53,0,0.1,28.6,1.7,4.4,38.6,13.8,1.1,1.5,1.1,1.9,49,0,20.91
87,Ryan AndersonHOU,PF,72,29.4,13.6,4.5,10.7,41.8,2.8,7,40.3,1.8,2.1,86,4.6,0.9,0.4,0.2,0.8,2,0,13.53
88,Dwight HowardATL,C,74,29.7,13.5,5.2,8.3,63.3,0,0,0,3.1,5.7,53.3,12.7,1.4,0.9,1.2,2.3,53,0,20.89
89,Wesley MatthewsDAL,SG,73,34.2,13.5,4.6,11.6,39.3,2.4,6.6,36.3,2,2.5,81.6,3.5,2.9,1.1,0.2,1.4,0,0,11.93
90,Otto Porter Jr.WSH,SF,80,32.6,13.4,5.2,10,51.6,1.9,4.3,43.4,1.2,1.5,83.2,6.4,1.5,1.5,0.5,0.6,12,0,17.35
91,Darren CollisonSAC,PG,68,30.3,13.2,5,10.5,47.6,1.1,2.6,41.7,2.2,2.5,86,2.2,4.6,1,0.1,1.7,4,0,15.37
92,Nick YoungLAL,G,60,25.9,13.2,4.5,10.6,43,2.8,7,40.4,1.3,1.5,85.6,2.3,1,0.6,0.2,0.6,0,0,14.12
93,Julius RandleLAL,PF,74,28.8,13.2,5.1,10.5,48.7,0.2,0.9,27,2.8,3.8,72.3,8.6,3.6,0.7,0.5,2.3,18,3,16.32
94,Sean KilpatrickBKN,G,70,25.1,13.1,4.4,10.5,41.5,1.5,4.4,34.1,2.9,3.5,84.3,4,2.2,0.6,0.1,1.9,4,0,13.16
95,Ersan IlyasovaATL/OKC/PHI,PF,82,26.1,13.1,4.7,10.9,43.1,1.7,4.9,35.3,2,2.5,77.8,5.9,1.7,0.7,0.3,1.4,10,0,14.65
96,Robert CovingtonPHI,PF,67,31.6,12.9,4.4,10.9,39.9,2,6.1,33.3,2.1,2.6,82.2,6.5,1.5,1.9,1,2,12,0,13.27
97,Dario SaricPHI,PF,81,26.3,12.8,4.7,11.4,41.1,1.3,4.2,31.1,2.1,2.7,78.2,6.3,2.2,0.7,0.4,2.3,10,0,12.84
98,James JohnsonMIA,PF,76,27.4,12.8,4.8,10.1,47.9,1.1,3.4,34,2,2.8,70.7,4.9,3.6,1,1.1,2.3,4,0,17.03
99,Seth CurryDAL,SG,70,29,12.8,4.8,10,48.1,2,4.6,42.5,1.2,1.4,85,2.6,2.7,1.1,0.1,1.3,1,0,15.52
100,Elfrid PaytonORL,PG,82,29.4,12.8,5.2,11.1,47.1,0.5,1.8,27.4,1.8,2.6,69.2,4.7,6.5,1.1,0.5,2.2,18,5,17.25
101,Aaron GordonORL,PF,80,28.7,12.7,4.9,10.8,45.4,1,3.3,28.8,2,2.7,71.9,5.1,1.9,0.8,0.5,1.1,7,0,14.52
102,DeAndre JordanLAC,C,81,31.7,12.7,5.1,7.1,71.4,0,0,0,2.5,5.2,48.2,13.8,1.2,0.6,1.7,1.4,41,0,21.84
103,Rodney HoodUTAH,SG,59,27,12.7,4.6,11.3,40.8,1.9,5.2,37.1,1.5,1.9,78.3,3.4,1.6,0.6,0.2,1.1,0,0,12.47
104,Clint CapelaHOU,C,65,23.9,12.6,5.6,8.7,64.3,0,0,0,1.4,2.7,53.1,8.1,1,0.5,1.2,1.3,15,0,21.48
105,Pau GasolSA,PF,64,25.4,12.4,4.7,9.4,50.2,0.9,1.6,53.8,2,2.9,70.7,7.8,2.3,0.4,1.1,1.3,11,0,20.23
106,Jamal CrawfordLAC,G,82,26.3,12.3,4.4,10.6,41.3,1.4,3.9,36,2.1,2.5,85.7,1.6,2.6,0.7,0.2,1.6,0,0,12.06
107,Austin RiversLAC,SG,74,27.8,12,4.4,9.9,44.2,1.5,4,37.1,1.8,2.6,69.1,2.2,2.8,0.6,0.1,1.6,0,0,11.44
108,Jonas ValanciunasTOR,C,80,25.8,12,4.9,8.8,55.7,0,0,50,2.2,2.7,81.1,9.5,0.7,0.5,0.8,1.3,29,0,20.13
109,Jahlil OkaforPHI,C,50,22.7,11.8,4.8,9.4,51.4,0,0,0,2.1,3.2,67.1,4.8,1.2,0.4,1,1.8,2,0,14.88
110,Greg MonroeMIL,C,81,22.5,11.7,4.8,9,53.4,0,0,0,2.2,3,74.1,6.6,2.3,1.1,0.5,1.7,13,0,21.23
111,Trevor ArizaHOU,SF,80,34.7,11.7,4.1,10,40.9,2.4,6.9,34.4,1.2,1.6,73.8,5.7,2.2,1.8,0.3,0.9,3,0,12.38
112,Frank KaminskyCHA,PF,75,26.1,11.7,4.3,10.7,39.9,1.5,4.7,32.8,1.6,2.1,75.6,4.5,2.2,0.6,0.5,1,4,0,13.12
113,Steven AdamsOKC,C,80,29.9,11.3,4.7,8.2,57.1,0,0,0,2,3.2,61.1,7.7,1.1,1.1,1,1.8,16,0,16.51
114,Marvin WilliamsCHA,F,76,30.2,11.2,3.9,9.3,42.2,1.6,4.7,35,1.7,2,87.3,6.6,1.4,0.8,0.7,0.8,11,0,13.74
115,Ricky RubioMIN,PG,75,32.9,11.1,3.5,8.7,40.2,0.8,2.6,30.6,3.4,3.8,89.1,4.1,9.1,1.7,0.1,2.6,25,1,16.87
116,Brandon KnightPHX,PG,54,21.1,11,3.9,9.7,39.8,0.8,2.6,32.4,2.4,2.9,85.7,2.2,2.4,0.5,0.1,1.6,0,0,12.41
117,Thaddeus YoungIND,PF,74,30.2,11,4.9,9.3,52.7,0.6,1.6,38.1,0.6,1.2,52.3,6.1,1.6,1.5,0.4,1.3,7,0,14.96
117,Jerryd BaylessPHI,G,3,23.7,11,3.7,10.7,34.4,0.7,1.7,40,3,3.3,90,4,4.3,0,0,3,0,0,8.79
117,Terrence RossTOR/ORL,SG,78,25.1,11,4.2,9.6,43.7,1.8,5,36.3,0.8,1,83.1,2.6,1.1,1.1,0.4,0.9,0,0,13.46
120,Kent BazemoreATL,SF,73,26.9,11,4,9.9,40.9,1.3,3.6,34.6,1.6,2.3,70.8,3.2,2.4,1.2,0.7,1.7,1,0,11.6
121,Emmanuel MudiayDEN,G,55,25.6,11,3.8,10,37.8,1,3.2,31.5,2.4,3,78.4,3.2,3.9,0.7,0.2,2.2,1,0,10.95
122,Deron WilliamsCLE/DAL,PG,64,25.9,11,4.1,9.4,43.8,1.3,3.7,36.3,1.4,1.7,82.6,2.3,5.6,0.5,0.1,2.2,3,0,14.02
123,Justise WinslowMIA,PF,18,34.7,10.9,4.4,12.5,35.6,0.4,1.9,20,1.6,2.6,61.7,5.2,3.7,1.4,0.3,1.8,1,0,8.2
124,J.J. BareaDAL,G,35,22,10.9,4.1,9.8,41.4,1.5,4.2,35.8,1.3,1.5,86.3,2.4,5.5,0.4,0,1.8,0,0,17.26
125,Taj GibsonOKC/CHI,C,78,25.5,10.8,4.7,9.1,51.5,0,0.2,23.1,1.4,2,71.5,6.2,0.9,0.5,0.8,1.3,11,0,15.07
126,Courtney LeeNY,G,77,31.9,10.8,4.2,9.1,45.6,1.4,3.5,40.1,1.1,1.3,86.7,3.4,2.3,1.1,0.3,0.9,0,0,12.2
127,Terrence JonesNO/MIL,PF,54,23.5,10.8,4.3,9.1,47,0.4,1.4,25.3,1.9,3.1,60.6,5.7,1.1,0.7,1,0.9,6,0,16.17
128,Marcin GortatWSH,C,82,31.2,10.8,4.8,8.2,57.9,0,0,0,1.3,1.9,64.8,10.4,1.5,0.5,0.7,1.5,36,0,15.48
129,CJ MilesIND,G,76,23.4,10.7,3.7,8.5,43.4,2.2,5.4,41.3,1.1,1.2,90.3,3,0.6,0.6,0.3,0.5,0,0,13.77
130,Allen CrabbePOR,SG,79,28.5,10.7,3.8,8.2,46.8,1.7,3.8,44.4,1.3,1.6,84.7,2.9,1.2,0.7,0.3,0.8,0,0,11.64
131,Alex PoythressPHI,F,6,26.2,10.7,4.2,9,46.3,1,3.2,31.6,1.3,1.7,80,4.8,0.8,0.5,0.2,0.5,0,0,13.04
132,Nikola MiroticCHI,F,70,24,10.6,3.7,8.9,41.3,1.8,5.4,34.2,1.4,1.8,77.3,5.5,1.1,0.8,0.8,1.1,8,0,14.54
133,Marcus SmartBOS,PG,79,30.4,10.6,3.4,9.5,35.9,1.2,4.2,28.3,2.6,3.2,81.2,3.9,4.6,1.6,0.4,2,2,0,12.07
134,Buddy HieldSAC/NO,SG,82,23,10.6,4,9.4,42.6,1.8,4.6,39.1,0.8,0.9,84.2,3.3,1.5,0.5,0.1,1.2,0,0,11.89
135,Marco BelinelliCHA,G,74,24,10.5,3.6,8.3,42.9,1.4,3.8,36,2,2.3,89.3,2.4,2,0.6,0.1,0.9,1,0,13.4
136,Wayne EllingtonMIA,SG,62,24.2,10.5,3.7,9,41.6,2.4,6.4,37.8,0.6,0.7,86,2.1,1.1,0.6,0.1,0.5,0,0,12.68
137,Mason PlumleePOR/DEN,C,81,26.5,10.4,4.1,7.7,53.6,0,0.1,0,2.1,3.7,58,7.5,3.5,0.9,1.1,1.7,19,0,18.18
138,Robin LopezCHI,C,81,28,10.4,4.7,9.6,49.3,0,0,0,0.9,1.3,72.1,6.4,1,0.2,1.4,1.1,8,0,14.47
139,Cody ZellerCHA,C,62,27.8,10.3,4.1,7.1,57.1,0,0,0,2.1,3.2,67.9,6.5,1.6,1,0.9,1,6,0,16.7
140,Tyreke EvansSAC/NO,G,40,19.7,10.3,3.8,9.3,40.5,1.1,3,35.6,1.7,2.3,75,3.4,3.1,0.9,0.2,1.5,0,0,15.53
141,Jon LeuerDET,F,75,25.9,10.2,4.1,8.6,48,0.7,2.2,29.3,1.3,1.5,86.7,5.4,1.5,0.4,0.3,0.9,3,0,14.21
141,Malcolm BrogdonMIL,PG,75,26.4,10.2,3.9,8.5,45.7,1,2.6,40.4,1.5,1.7,86.5,2.8,4.2,1.1,0.2,1.5,2,1,14.9
143,Draymond GreenGS,PF,76,32.5,10.2,3.6,8.6,41.8,1.1,3.5,30.8,2,2.8,70.9,7.9,7,2,1.4,2.4,17,5,16.51
144,Jusuf NurkicPOR/DEN,C,65,21.4,10.2,4.2,8.2,50.7,0,0,0,1.8,3.2,57.1,7.2,1.9,0.8,1.1,2.2,13,0,17.57
145,Josh RichardsonMIA,SG,53,30.5,10.2,3.8,9.7,39.4,1.4,4.3,33,1.1,1.5,77.9,3.2,2.6,1.1,0.8,1.2,0,0,10.71
146,Tony ParkerSA,G,63,25.2,10.1,4.2,9,46.6,0.4,1.1,33.3,1.3,1.9,72.7,1.8,4.5,0.5,0,1.4,0,0,13.1
147,Kyle KorverATL/CLE,G,67,26.2,10.1,3.6,7.7,46.4,2.4,5.4,45.1,0.6,0.6,90.5,2.8,1.6,0.5,0.3,1,0,0,12.17
148,Yogi FerrellBKN/DAL,PG,46,26,10,3.5,8.6,40.6,1.5,3.8,38.6,1.6,1.9,83.1,2.4,3.7,0.9,0.2,1.5,0,0,13.15
149,Maurice HarklessPOR,SF,77,28.9,10,4.1,8.1,50.3,0.9,2.5,35.1,1,1.6,62.1,4.4,1.1,1.1,0.9,1.1,2,0,13.16
150,Trevor BookerBKN,F,71,24.7,10,4.3,8.3,51.6,0.4,1.1,32.1,1,1.5,67.3,8,1.9,1.1,0.4,1.8,16,0,15.71
151,Gorgui DiengMIN,C,82,32.4,10,4,8.1,50.2,0.2,0.5,37.2,1.7,2,81.4,7.9,1.9,1.1,1.2,1.3,13,0,14.19
152,Shabazz MuhammadMIN,F,78,19.4,9.9,3.7,7.7,48.2,0.6,1.9,33.6,1.9,2.4,77.4,2.8,0.4,0.3,0.1,0.7,1,0,15
153,Jamal MurrayDEN,PG,82,21.5,9.9,3.6,8.9,40.4,1.4,4.2,33.4,1.3,1.5,88.3,2.6,2.1,0.6,0.3,1.4,1,0,11.97
154,Ty LawsonSAC,G,69,25.1,9.9,3.4,7.6,45.4,0.5,1.7,28.8,2.5,3.1,79.7,2.6,4.8,1.1,0.1,1.9,3,1,15.42
155,Richaun HolmesPHI,C,57,20.9,9.8,4,7.2,55.8,0.5,1.4,35.1,1.3,1.8,69.9,5.5,1,0.7,0.9,1,5,0,18.61
156,Jeremy LambCHA,SG,62,18.4,9.7,3.6,7.9,46,0.7,2.4,28.1,1.8,2.1,85.3,4.3,1.2,0.4,0.4,0.6,1,0,17.09
157,Kenneth FariedDEN,F,61,21.2,9.6,3.7,6.8,54.8,0,0.1,0,2.1,3.1,69.3,7.6,0.9,0.7,0.7,1,11,0,20.36
158,E'Twaun MooreNO,G,73,24.9,9.6,3.9,8.5,45.7,1.1,2.8,37,0.8,1,77,2.1,2.2,0.7,0.4,0.8,0,0,12.13
159,Patrick BeverleyHOU,PG,67,30.7,9.5,3.4,8.1,42,1.6,4.3,38.2,1.1,1.4,76.8,5.9,4.2,1.5,0.4,1.5,6,0,13.06
160,Derrick FavorsUTAH,C,50,23.7,9.5,4.1,8.3,48.7,0.1,0.2,30,1.3,2.2,61.5,6.1,1.1,0.9,0.8,1.2,6,0,15.88
161,Patty MillsSA,PG,80,21.9,9.5,3.4,7.8,44,1.8,4.4,41.4,0.8,1,82.5,1.8,3.5,0.8,0,1.3,1,0,15.28
162,Nik StauskasPHI,G,80,27.4,9.5,3.1,7.9,39.6,1.7,4.5,36.8,1.5,1.9,81.3,2.8,2.4,0.6,0.4,1.6,0,0,9.05
163,Michael BeasleyMIL,F,56,16.7,9.4,3.9,7.3,53.2,0.3,0.8,41.9,1.4,1.9,74.3,3.4,0.9,0.5,0.5,1.2,1,0,17.91
164,Brandon IngramLAL,SF,79,28.8,9.4,3.5,8.7,40.2,0.7,2.4,29.4,1.7,2.7,62.2,4,2.1,0.6,0.5,1.5,0,0,8.56
165,Ish SmithDET,PG,81,24.1,9.4,4.1,9.2,43.9,0.3,1.3,26.7,0.9,1.3,70.6,2.9,5.2,0.8,0.4,1.4,3,0,14.79
166,Cory JosephTOR,PG,80,25,9.3,3.7,8.3,45.2,0.6,1.7,35.6,1.2,1.5,77,2.9,3.3,0.8,0.2,1.4,1,0,13.22
167,Jeff GreenORL,PF,69,22.2,9.2,3.2,8.1,39.4,0.8,2.8,27.5,2.1,2.4,86.3,3.1,1.2,0.5,0.2,1.1,1,0,10.57
168,Gerald HendersonPHI,SG,72,23.2,9.2,3.3,7.7,42.4,0.8,2.4,35.3,1.8,2.3,80.6,2.6,1.6,0.6,0.2,0.9,0,0,10.81
169,Marquese ChrissPHX,SF,82,21.3,9.2,3.5,7.7,44.9,0.9,2.7,32.1,1.4,2.2,62.4,4.2,0.7,0.8,0.9,1.3,3,0,12.38
170,Michael Kidd-GilchristCHA,F,81,29,9.2,3.6,7.6,47.7,0,0.1,11.1,1.9,2.4,78.4,7,1.4,1,1,0.7,11,0,14.3
171,Joe JohnsonUTAH,G,78,23.6,9.2,3.5,8,43.6,1.4,3.3,41.1,0.8,1,81.8,3.1,1.8,0.5,0.2,0.9,0,0,12.82
172,Jameer NelsonDEN,G,75,27.3,9.2,3.6,8.1,44.4,1.4,3.6,38.8,0.6,0.8,71.4,2.6,5.1,0.7,0.1,1.7,4,0,11.52
173,Channing FryeCLE,F,74,18.9,9.1,3.2,7,45.8,1.9,4.5,40.9,0.9,1,85.1,3.9,0.6,0.4,0.5,0.7,2,0,15.72
174,Nene HOU,C,67,17.9,9.1,3.7,5.9,61.7,0,0.1,33.3,1.7,2.9,58.9,4.2,1,0.8,0.6,1.1,0,0,18.91
175,Montrezl HarrellHOU,C,58,18.3,9.1,3.9,5.9,65.2,0,0.1,14.3,1.3,2.1,62.8,3.8,1.1,0.3,0.7,0.8,3,0,19.23
176,Jodie MeeksORL,G,36,20.5,9.1,2.9,7.1,40.2,1.6,3.8,40.9,1.8,2.1,87.8,2.1,1.3,0.9,0.1,1,0,0,13.15
177,Tony AllenMEM,SG,71,27,9.1,3.9,8.4,46,0.2,0.8,27.8,1.1,1.8,61.5,5.5,1.4,1.6,0.4,1.4,5,0,13.33
178,Kelly OlynykBOS,PF,75,20.5,9,3.5,6.8,51.2,0.9,2.6,35.4,1.2,1.6,73.2,4.8,2,0.6,0.4,1.3,2,0,15.32
179,Evan TurnerPOR,G,65,25.5,9,3.6,8.5,42.6,0.5,1.8,26.3,1.3,1.6,82.5,3.8,3.2,0.8,0.4,1.5,2,0,11.48
180,Dahntay JonesCLE,SG,1,12,9,3,8,37.5,0,2,0,3,4,75,2,1,0,0,1,0,0,14.78
181,Doug McDermottOKC/CHI,SF,66,22.8,9,3.4,7.5,44.7,1.2,3.2,37,1.1,1.3,84.5,2.7,0.9,0.2,0.1,0.6,1,0,10.77
182,JaMychal GreenMEM,PF,77,27.3,8.9,3.2,6.5,50.1,0.7,1.9,38.2,1.7,2.2,80.2,7.1,1.1,0.6,0.4,1.2,10,0,13.56
183,DeMarre CarrollTOR,F,72,26.1,8.9,3.1,7.6,40,1.5,4.4,34.1,1.2,1.6,76.1,3.8,1,1.1,0.4,0.8,2,0,11.88
184,Skal LabissiereSAC,F,33,18.5,8.8,3.5,6.6,53.7,0.1,0.2,37.5,1.6,2.2,70.3,4.9,0.8,0.5,0.4,1.1,2,0,16.91
185,Nerlens NoelDAL/PHI,C,51,20.5,8.7,3.6,6.1,59.5,0,0,0,1.5,2.2,69.4,5.8,1,1.3,1,1,3,0,20.4
186,Al-Farouq AminuPOR,SF,61,29.1,8.7,3,7.7,39.2,1.1,3.5,32.9,1.6,2.2,70.6,7.4,1.6,1,0.7,1.5,4,0,11.31
187,Marreese SpeightsLAC,F,82,15.7,8.7,3,6.7,44.5,1.3,3.4,37.2,1.5,1.7,87.6,4.5,0.8,0.3,0.5,0.8,4,0,17.62
188,Rondae Hollis-JeffersonBKN,SF,78,22.6,8.7,3,6.9,43.4,0.2,0.9,22.4,2.4,3.2,75.1,5.8,2,1.1,0.6,1.5,8,0,13.71
189,JR SmithCLE,G,41,29,8.6,3,8.7,34.6,2.3,6.6,35.1,0.2,0.4,66.7,2.8,1.5,1,0.3,0.6,0,0,8.11
190,Tony SnellMIL,SF,80,29.2,8.5,3.1,6.8,45.5,1.8,4.4,40.6,0.6,0.7,81,3.1,1.2,0.7,0.2,0.7,1,0,9.75
191,Monta EllisIND,SG,74,27,8.5,3.3,7.5,44.3,0.6,1.8,31.9,1.3,1.7,72.7,2.8,3.2,1.1,0.4,1.8,0,0,9.99
192,Tyson ChandlerPHX,C,47,27.6,8.4,3.3,4.9,67.1,0,0,0,1.9,2.6,73.4,11.5,0.6,0.7,0.5,1.4,12,0,16.63
193,Arron AfflaloSAC,G,61,25.9,8.4,3,6.9,44,1,2.5,41.1,1.4,1.5,89.2,2,1.3,0.3,0.1,0.7,0,0,9.02
194,Norman PowellTOR,SF,76,18,8.4,3,6.7,44.9,0.7,2.3,32.4,1.7,2.1,79.2,2.2,1.1,0.7,0.2,0.9,0,0,14.09
195,Joe HarrisBKN,SF,52,21.9,8.2,3,7,42.5,1.6,4.3,38.5,0.7,0.9,71.4,2.8,1,0.6,0.2,1.1,0,0,9.04
196,Troy DanielsMEM,G,67,17.7,8.2,2.8,7.4,37.4,2.1,5.3,38.9,0.6,0.8,79.6,1.5,0.7,0.3,0.1,0.7,0,0,10.48
197,Shawn LongPHI,C,18,13,8.2,3.4,6.1,56,0.4,1.1,36.8,1.1,1.9,54.3,4.7,0.7,0.5,0.5,0.7,1,0,24.22
198,Caris LeVertBKN,SG,57,21.7,8.2,3,6.7,45,1,3.2,32.1,1.2,1.6,72,3.3,1.9,0.9,0.1,1,0,0,12.29
199,Willy HernangomezNY,C,72,18.4,8.2,3.4,6.5,52.9,0.1,0.2,26.7,1.3,1.7,72.8,7,1.3,0.6,0.5,1.4,11,0,19
200,Willie Cauley-SteinSAC,C,75,18.9,8.1,3.4,6.4,53,0,0,0,1.3,2,66.9,4.5,1.1,0.7,0.6,0.9,8,0,16.37
201,Ben McLemoreSAC,SG,61,19.3,8.1,3,6.9,43,1.1,2.8,38.2,1.1,1.5,75.3,2.1,0.8,0.5,0.1,1,0,0,9.87
202,Al JeffersonIND,C,66,14.1,8.1,3.6,7.1,49.9,0,0,0,1,1.3,76.5,4.2,0.9,0.3,0.2,0.5,1,0,18.96
203,Tristan ThompsonCLE,C,78,29.9,8.1,3.4,5.6,60,0,0,0,1.4,2.7,49.8,9.2,1,0.5,1.1,0.8,19,0,15.32
204,Vince CarterMEM,G,73,24.7,8,2.6,6.7,39.4,1.5,4.1,37.8,1.2,1.6,76.5,3.1,1.8,0.8,0.5,0.7,0,0,11.69
205,Alex LenPHX,C,77,20.3,8,3,6,49.7,0,0.2,25,1.9,2.7,72.1,6.6,0.6,0.5,1.3,1.3,11,0,15.04
206,Langston GallowaySAC/NO,SG,74,20.2,7.9,2.8,7.4,38,1.6,4.2,39,0.7,0.9,79.7,2.1,1.3,0.6,0.1,0.6,0,0,10.41
207,D.J. AugustinORL,G,78,19.7,7.9,2.5,6.6,37.7,1.2,3.5,34.7,1.7,2.1,81.4,1.5,2.7,0.4,0,1.2,0,0,11.01
208,Shelvin MackUTAH,G,55,21.9,7.8,3.1,6.9,44.6,0.7,2.2,30.8,1,1.4,68.8,2.3,2.8,0.8,0.1,1.6,0,0,10.9
209,Rajon RondoCHI,PG,69,26.7,7.8,3.3,8.1,40.8,0.7,1.9,37.6,0.4,0.7,60,5.1,6.7,1.4,0.2,2.4,6,1,13.59
210,Sergio RodriguezPHI,PG,68,22.3,7.8,3.1,7.9,39.2,1.4,3.7,36.5,0.3,0.4,66.7,2.3,5.1,0.7,0.1,1.9,1,0,11.13
211,Garrett TempleSAC,SF,65,26.6,7.8,2.8,6.6,42.4,1.3,3.4,37.3,0.9,1.1,78.4,2.8,2.6,1.3,0.4,1.2,0,0,11.19
212,Justin HolidayNY,SF,82,20,7.7,2.8,6.6,43.3,1.2,3.3,35.5,0.8,1,82.5,2.7,1.2,0.8,0.4,0.8,0,0,12.71
213,Matthew DellavedovaMIL,PG,76,26.1,7.6,2.7,7,39,1,2.8,36.6,1.1,1.3,85.4,1.9,4.7,0.7,0,1.8,0,0,9.44
214,Luol DengLAL,F,56,26.5,7.6,2.9,7.6,38.7,0.9,2.9,30.9,0.8,1.1,73,5.3,1.3,0.9,0.4,0.8,5,0,10.13
215,Andre IguodalaGS,F,76,26.3,7.6,2.9,5.5,52.8,0.8,2.3,36.2,0.9,1.3,70.6,4,3.4,1,0.5,0.8,0,0,14.37
216,Manu GinobiliSA,G,69,18.7,7.5,2.5,6.4,39,1.3,3.3,39.2,1.2,1.6,80.4,2.3,2.7,1.2,0.2,1.4,0,0,13.94
217,Ivica ZubacLAL,C,38,16,7.5,3.3,6.3,52.9,0,0.1,0,0.8,1.3,65.3,4.2,0.8,0.4,0.9,0.8,4,0,17.02
218,Iman ShumpertCLE,G,76,25.5,7.5,2.6,6.4,41.1,1.2,3.4,36,0.9,1.2,78.9,2.9,1.4,0.8,0.4,1,0,0,9.06
219,Isaiah WhiteheadBKN,G,73,22.5,7.4,2.8,7,40.2,0.6,2,29.5,1.2,1.5,80.5,2.5,2.6,0.6,0.5,1.9,1,0,7.59
220,Timofey MozgovLAL,C,54,20.4,7.4,3.1,6.1,51.5,0,0,0,1.2,1.4,80.8,4.9,0.8,0.3,0.6,1.3,1,0,12.3
221,Alan WilliamsPHX,C,47,15.1,7.4,2.9,5.7,51.7,0,0,0,1.5,2.4,62.5,6.2,0.5,0.6,0.7,0.8,15,0,19.59
222,Archie GoodwinNO/BKN,SG,15,14.3,7.3,2.4,4.4,54.5,0.3,1,33.3,2.2,2.8,78.6,1.9,1.6,0.3,0.3,0.9,0,0,18.77
223,Spencer DinwiddieBKN,PG,59,22.6,7.3,2.3,5.1,44.4,0.6,1.7,37.6,2.1,2.7,79.2,2.8,3.1,0.7,0.4,1.1,0,0,12.72
224,Danny GreenSA,SF,68,26.6,7.3,2.6,6.6,39.2,1.7,4.6,37.9,0.4,0.5,84.4,3.3,1.8,1,0.8,1.1,0,0,10.16
225,David LeeSA,PF,79,18.7,7.3,3.1,5.3,59,0,0,0,1,1.4,70.8,5.6,1.6,0.4,0.5,1,7,0,18.48
226,Tyler UlisPHX,G,61,18.4,7.3,3,7.2,42.1,0.3,1.3,26.6,0.9,1.2,77.5,1.6,3.7,0.8,0.1,1.3,6,0,13.05
227,Rodney StuckeyIND,PG,39,17.8,7.2,2.3,6.3,37.3,0.5,1.5,31.7,2.1,2.7,74.8,2.2,2.2,0.4,0,1.4,0,0,9.53
228,Thabo SefoloshaATL,F,62,25.7,7.2,2.8,6.4,44.1,0.7,1.9,34.2,0.9,1.2,73.3,4.4,1.7,1.5,0.5,0.9,0,0,11.92
229,Tim FrazierNO,PG,65,23.5,7.1,2.5,6.2,40.3,0.6,2,31.3,1.5,2,76,2.7,5.2,0.9,0.1,1.6,7,1,12.4
230,Larry Nance Jr.LAL,PF,63,22.9,7.1,3,5.7,52.6,0.2,0.6,27.8,0.9,1.3,73.8,5.9,1.5,1.3,0.6,0.9,7,0,15.76
231,Brandon JenningsWSH/NY,G,81,22.2,7.1,2.4,6.6,35.9,1,3.1,31.3,1.4,1.9,75,2.4,4.9,0.9,0,1.6,3,0,12.09
232,Matt BarnesSAC/GS,SF,74,24,7.1,2.5,6.4,39.1,1.2,3.6,33.1,0.9,1.2,78.7,5.2,2.6,0.6,0.4,1.4,4,0,10.36
233,Justin AndersonDAL/PHI,F,75,16.4,7.1,2.5,5.8,42.5,0.8,2.6,29.9,1.4,1.7,79.1,3.3,0.9,0.5,0.3,0.9,0,0,13.96
234,Anthony TolliverSAC,PF,65,22.7,7.1,2.4,5.4,44.2,1.4,3.5,39.1,0.9,1.3,74.4,3.6,1.2,0.5,0.3,0.9,1,0,11.17
235,Joe InglesUTAH,SG,82,24,7.1,2.5,5.5,45.2,1.5,3.4,44.1,0.6,0.8,73.5,3.2,2.7,1.2,0.1,1.3,0,0,12.44
236,Solomon HillNO,SF,80,29.7,7,2.3,6,38.3,1.2,3.4,34.8,1.3,1.6,80.5,3.8,1.8,0.9,0.4,1,0,0,8.06
237,Josh HuestisOKC,F,2,15.5,7,3,5.5,54.5,1,2,50,0,0.5,0,4.5,1.5,0,1.5,0,0,0,26.15
238,Justin HamiltonBKN,C,64,18.4,6.9,2.7,5.9,45.9,0.9,2.8,30.6,0.6,0.8,75,4.1,0.9,0.5,0.7,0.7,1,0,13.61
239,T.J. McConnellPHI,PG,81,26.3,6.9,2.9,6.3,46.1,0.1,0.7,20,0.9,1.1,81.1,3.1,6.6,1.7,0.1,2,5,0,13.73
240,Patrick PattersonTOR,PF,65,24.6,6.8,2.4,5.9,40.1,1.4,3.9,37.2,0.7,0.9,71.7,4.5,1.2,0.6,0.4,0.6,1,0,10.8
241,Ian ClarkGS,G,77,14.8,6.8,2.7,5.6,48.7,0.8,2.1,37.4,0.6,0.8,75.9,1.6,1.2,0.5,0.1,0.7,0,0,13.22
242,Bobby PortisCHI,C,64,15.6,6.8,2.9,5.9,48.8,0.5,1.5,33.3,0.6,0.9,66.1,4.6,0.5,0.3,0.2,0.6,5,0,14.99
243,Jared DudleyPHX,SF,64,21.3,6.8,2.5,5.4,45.4,1.2,3.2,37.9,0.7,1,66.2,3.5,1.9,0.7,0.3,1.1,0,0,10.58
244,Lance StephensonIND/NO/MIN,G,18,20.1,6.8,3,6.7,45,0.3,1.1,30,0.4,0.7,61.5,2.9,3.3,0.3,0.2,1.4,0,0,9.66
245,John HensonMIL,F,58,19.4,6.8,2.7,5.3,51.5,0,0,0,1.3,1.8,69.2,5.1,1,0.5,1.3,0.9,0,0,15.35
246,Brandan WrightMEM,F,28,16,6.8,3,4.8,61.5,0,0,0,0.8,1.3,65.7,2.8,0.5,0.4,0.7,0.4,0,0,18.61
247,Alec BurksUTAH,SG,42,15.5,6.7,2.4,5.9,39.9,0.6,1.8,32.9,1.4,1.9,76.9,2.9,0.7,0.4,0.1,0.8,0,0,11.65
248,Raymond FeltonLAC,G,80,21.3,6.7,2.8,6.4,43,0.6,1.8,31.9,0.6,0.8,78.1,2.7,2.4,0.8,0.3,1,0,0,10.9
249,Devin HarrisDAL,G,65,16.7,6.7,2.1,5.2,39.9,0.9,2.7,32.8,1.6,2,82.9,2,2.1,0.7,0.1,0.9,0,0,13.84
250,James Ennis IIIMEM,F,64,23.5,6.7,2.3,5,45.5,0.8,2.1,37.2,1.3,1.7,78.2,4,1,0.7,0.3,0.9,1,0,10.62
251,Dwight PowellDAL,C,77,17.3,6.7,2.5,4.9,51.5,0.3,1,28.4,1.4,1.8,75.9,4,0.6,0.8,0.5,0.4,2,0,17.66
252,P.J. TuckerTOR/PHX,PF,81,27.6,6.7,2.5,6,41.3,0.9,2.4,35.7,0.9,1.1,77.4,5.8,1.2,1.4,0.2,0.8,3,0,10.54
253,Marcus ThorntonWSH,SG,33,17.4,6.6,2.5,6.4,40,0.8,2.4,35,0.7,0.8,85.2,2.3,1.2,0.6,0.1,0.8,0,0,10.44
254,Kosta KoufosSAC,C,71,20,6.6,3,5.5,55.1,0,0,0,0.5,0.9,61.3,5.7,0.7,0.5,0.7,0.9,4,0,13.82
255,Andre RobersonOKC,F,79,30.1,6.6,2.7,5.9,46.4,0.6,2.3,24.5,0.6,1.4,42.3,5.1,1,1.2,1,0.6,2,0,9.64
256,Jaylen BrownBOS,SG,78,17.2,6.6,2.5,5.4,45.4,0.6,1.7,34.1,1.1,1.6,68.5,2.8,0.8,0.4,0.2,0.9,0,0,10.33
257,Michael Carter-WilliamsCHI,PG,45,18.8,6.6,2.5,6.8,36.6,0.3,1.4,23.4,1.3,1.7,75.3,3.4,2.5,0.8,0.5,1.5,0,0,9.92
258,Dante CunninghamNO,F,66,25,6.6,2.6,5.4,48.5,1.1,2.7,39.2,0.2,0.4,59.3,4.2,0.6,0.6,0.4,0.4,0,0,10.2
259,Sam DekkerHOU,F,77,18.4,6.5,2.6,5.6,47.3,0.8,2.4,32.1,0.5,0.9,55.9,3.7,1,0.5,0.3,0.5,0,0,13.09
260,Amir JohnsonBOS,F,80,20.1,6.5,2.7,4.6,57.6,0.3,0.8,40.9,0.8,1.3,67,4.6,1.8,0.6,0.8,1,0,0,15.03
261,Timothe Luwawu-CabarrotPHI,SG,69,17.2,6.4,2.1,5.2,40.2,0.7,2.3,31.1,1.5,1.8,85.4,2.2,1.1,0.5,0.1,1.1,0,0,8.51
262,Mirza TeletovicMIL,PF,70,16.2,6.4,2.2,6,37.3,1.5,4.4,34.1,0.5,0.6,77.8,2.3,0.7,0.2,0.2,0.5,0,0,8.81
263,Darrell ArthurDEN,F,41,15.6,6.4,2.3,5.2,44.2,1.3,2.9,45.3,0.5,0.5,86.4,2.7,1,0.5,0.5,0.9,0,0,12.89
264,Rodney McGruderMIA,G,78,25.2,6.4,2.4,5.9,41.3,0.9,2.8,33.2,0.6,0.9,62,3.3,1.6,0.6,0.2,0.7,0,0,9.09
265,Kelly Oubre Jr.WSH,SG,79,20.3,6.3,2.4,5.6,42.1,0.7,2.4,28.7,0.9,1.3,75.8,3.3,0.6,0.7,0.2,0.6,1,0,9.1
266,Kyle O'QuinnNY,C,79,15.6,6.3,2.7,5.2,52.1,0,0.2,11.8,0.8,1.1,77.1,5.6,1.5,0.5,1.3,1,6,0,20.59
267,Leandro BarbosaPHX,G,67,14.4,6.3,2.6,5.9,43.9,0.5,1.5,35.7,0.6,0.7,88.9,1.6,1.2,0.5,0.1,0.7,0,0,11.53
268,Mindaugas KuzminskasNY,F,68,14.9,6.3,2.3,5.4,42.9,0.8,2.5,32.1,0.8,1,80.9,1.9,1,0.4,0.2,0.8,0,0,12.45
269,Dante ExumUTAH,PG,66,18.6,6.2,2.3,5.5,42.7,0.7,2.3,29.5,0.9,1.1,79.5,2,1.7,0.3,0.2,1.2,0,0,8.58
270,Spencer HawesMIL/CHA,PF,54,14.8,6.2,2.5,5.1,48.4,0.5,1.5,30.9,0.8,1,84.6,3.5,1.5,0.3,0.6,0.9,3,0,15.69
271,Ramon SessionsCHA,G,50,16.2,6.2,2,5.3,38,0.4,1.2,33.9,1.8,2.4,77.1,1.5,2.6,0.5,0.1,0.9,0,0,12.34
272,Jonathan GibsonDAL,G,17,13.6,6.2,2.1,5.6,36.8,0.9,2.6,33.3,1.2,1.7,72.4,1.3,1.5,0.5,0,1.2,0,0,9.52
273,Mike MuscalaATL,C,70,17.7,6.2,2.4,4.8,50.4,0.7,1.6,41.8,0.7,0.9,76.6,3.4,1.4,0.4,0.6,0.8,0,0,14.43
274,Nemanja BjelicaMIN,PF,65,18.3,6.2,2.3,5.5,42.4,0.9,2.7,31.6,0.7,0.9,73.8,3.8,1.2,0.6,0.3,0.9,3,0,11
275,Trey LylesUTAH,PF,71,16.3,6.2,2.2,6.2,36.2,0.9,2.9,31.9,0.8,1.1,72.2,3.3,1,0.4,0.3,0.9,1,0,9.97
276,Jonathon SimmonsSA,G,78,17.8,6.2,2.3,5.4,42,0.4,1.3,29.4,1.3,1.7,75,2.1,1.6,0.6,0.3,1,0,0,9.91
277,Chandler ParsonsMEM,SF,34,19.9,6.2,2.2,6.5,33.8,0.7,2.7,26.9,1,1.3,81.4,2.5,1.6,0.6,0.1,0.7,0,0,7.69
278,Troy WilliamsMEM/HOU,F,30,18.6,6.2,2.4,5.6,43.7,0.6,2.1,29,0.7,1.1,65.6,2.3,0.8,0.9,0.3,1.1,0,0,9.06
279,JaVale McGeeGS,C,77,9.6,6.1,2.7,4.1,65.2,0,0,0,0.7,1.4,50.5,3.2,0.2,0.2,0.9,0.5,0,0,25.26
280,Zaza PachuliaGS,C,70,18.1,6.1,2.3,4.4,53.4,0,0,0,1.4,1.8,77.8,5.9,1.9,0.8,0.5,1.2,4,0,16.14
281,Derrick WilliamsMIA/CLE,PF,50,16.1,6.1,2.2,4.9,44.3,0.6,1.9,30.9,1.2,1.8,65.2,2.6,0.6,0.3,0.2,0.6,0,0,10.72
282,Glenn Robinson IIIIND,F,69,20.7,6.1,2.3,4.9,46.7,0.7,1.8,39.2,0.8,1.1,71.1,3.6,0.7,0.6,0.3,0.5,3,0,11.49
283,Luc Mbah a MouteLAC,F,80,22.3,6.1,2.4,4.7,50.5,0.5,1.4,39.1,0.7,1.1,67.8,2.1,0.5,1,0.4,0.6,0,0,10.25
284,Jordan FarmarSAC,PG,2,17.5,6,2,6,33.3,2,4.5,44.4,0,0,0,1.5,4.5,1,0,1.5,0,0,14.43
284,David NwabaLAL,SF,20,19.9,6,2.4,4.1,58,0.1,0.3,20,1.3,2,64.1,3.2,0.7,0.6,0.4,0.6,0,0,12.06
286,Lance ThomasNY,F,46,21,6,2.1,5.3,39.8,0.8,1.8,44.7,0.9,1.1,84.3,3.1,0.8,0.5,0.1,0.5,1,0,8.39
287,Alex AbrinesOKC,G,68,15.5,6,2,5,39.3,1.4,3.6,38.1,0.6,0.7,89.8,1.3,0.6,0.5,0.1,0.5,0,0,10.11
288,Bismack BiyomboORL,C,81,22.1,6,2.2,4.2,52.8,0,0,0,1.5,2.9,53.4,7,0.9,0.3,1.1,1.2,10,0,12.23
289,Domantas SabonisOKC,PF,81,20.1,5.9,2.4,5.9,39.9,0.6,2,32.1,0.5,0.8,65.7,3.6,1,0.5,0.4,1,2,0,6.93
290,Andrew HarrisonMEM,G,72,20.5,5.9,1.6,5,32.5,0.6,2.2,27.6,2.1,2.7,76.3,1.9,2.8,0.7,0.3,1.2,0,0,8.69
291,Jerian GrantCHI,G,63,16.3,5.9,2,4.8,42.5,0.8,2.1,36.6,1,1.2,89,1.8,1.9,0.7,0.1,0.7,1,0,13.21
292,Quincy AcyDAL/BKN,F,38,14.7,5.8,1.8,4.5,41.2,1,2.4,41.1,1.2,1.6,75,3,0.5,0.4,0.4,0.6,0,0,11.87
293,Beno UdrihDET,PG,39,14.4,5.8,2.4,5.1,46.7,0.3,0.8,34.4,0.8,0.9,94.1,1.5,3.4,0.3,0,0.9,0,0,16.2
294,Tarik BlackLAL,F,67,16.3,5.7,2.2,4.4,51.2,0,0,50,1.2,1.6,75.2,5.1,0.6,0.4,0.7,0.9,2,0,15.09
295,Taurean PrinceATL,PF,59,16.6,5.7,1.9,4.8,40,0.6,1.7,32.4,1.3,1.6,78.7,2.7,0.9,0.7,0.5,1,0,0,9.88
296,Jason SmithWSH,F,74,14.4,5.7,2.4,4.4,52.9,0.5,1.1,47.4,0.5,0.7,68.6,3.5,0.5,0.3,0.7,0.8,0,0,13.61
297,Richard JeffersonCLE,F,79,20.4,5.7,1.9,4.3,44.6,0.8,2.4,33.3,1,1.4,74.1,2.6,1,0.3,0.1,0.7,1,0,8.29
298,Quinn CookNO/DAL,PG,14,13.4,5.6,2.4,4.7,50,0.8,1.9,42.3,0.1,0.4,40,0.5,1.9,0.3,0,0.9,0,0,11.9
299,Georgios PapagiannisSAC,C,22,16.1,5.6,2.5,4.6,54.9,0,0.1,0,0.5,0.6,85.7,3.9,0.9,0.1,0.8,1.1,2,0,12.72
300,Brandon BassLAC,PF,52,11.1,5.6,2.1,3.6,57.5,0,0.1,33.3,1.5,1.7,87.5,2.5,0.4,0.3,0.2,0.6,0,0,19.71
301,Ian MahinmiWSH,C,31,17.9,5.6,2.1,3.6,58.6,0,0,0,1.4,2.4,57.3,4.8,0.6,1.1,0.8,1.1,0,0,14.15
302,Gerald GreenBOS,G,47,11.4,5.6,2,4.9,40.9,0.8,2.4,35.1,0.7,0.9,80.5,1.8,0.7,0.2,0.1,0.5,0,0,12.02
303,Delon WrightTOR,SG,27,16.5,5.6,1.8,4.3,42.2,0.4,1.1,33.3,1.6,2,76.4,1.8,2.1,1,0.4,0.9,0,0,15
304,Terry RozierBOS,SG,74,17.1,5.5,2,5.6,36.7,0.8,2.4,31.8,0.7,0.9,77.3,3.1,1.8,0.6,0.1,0.6,1,0,10.9
305,Anthony MorrowOKC/CHI,SG,49,14.6,5.5,2,5.1,38.9,0.8,2.7,30.8,0.7,0.8,91.9,0.6,0.5,0.5,0,0.1,0,0,10.09
306,Jerami GrantOKC/PHI,SF,80,19.1,5.5,1.9,4.1,46.3,0.5,1.5,37.1,1.1,1.8,61.2,2.6,0.6,0.4,1,0.6,0,0,10.14
307,Boban MarjanovicDET,C,35,8.4,5.5,2.1,3.8,54.5,0,0,0,1.3,1.7,81,3.7,0.3,0.2,0.3,0.3,5,0,29.7
308,Paul ZipserCHI,F,44,19.2,5.5,2,5,39.8,0.8,2.3,33.3,0.7,0.9,77.5,2.8,0.8,0.3,0.4,0.9,0,0,6.99
309,Meyers LeonardPOR,C,74,16.5,5.4,2,5.1,38.6,1,2.9,34.7,0.5,0.5,87.5,3.2,1,0.2,0.4,0.5,1,0,8.96
310,Joffrey LauvergneOKC/CHI,F,70,14,5.4,2.1,4.8,44,0.5,1.4,33.7,0.7,1,63,3.6,1,0.4,0.1,0.8,0,0,12.63
311,Malcolm DelaneyATL,G,73,17.1,5.4,2,5.3,37.4,0.4,1.5,23.6,1,1.3,80.6,1.7,2.6,0.5,0,1.3,0,0,7.56
312,Alexis AjincaNO,C,39,15,5.3,2.3,4.6,50,0,0.1,0,0.7,1,72.5,4.5,0.3,0.5,0.6,0.8,1,0,12.91
313,Chasson RandleNY/PHI,PG,26,11.5,5.3,1.5,3.8,40.8,0.6,1.8,34,1.6,1.7,95.3,1.3,1.3,0.3,0.1,0.7,0,0,13.81
314,Willie ReedMIA,C,71,14.5,5.3,2.3,4,56.8,0,0.1,25,0.7,1.2,55.7,4.7,0.4,0.3,0.7,0.4,4,0,17.14
315,Derrick Jones Jr.PHX,SF,32,17,5.3,2.1,3.8,56.2,0.1,0.3,27.3,0.9,1.3,70.7,2.5,0.4,0.4,0.4,0.4,0,0,12
316,Mike DunleavyATL/CLE,SG,53,15.9,5.2,1.8,4.2,42.3,1,2.5,39.6,0.7,0.8,80,2.2,0.9,0.3,0.1,0.5,0,0,10.11
317,Randy FoyeBKN,SG,69,18.6,5.2,1.7,4.7,36.3,1,2.9,33,0.8,0.9,85.7,2.2,2,0.5,0.1,1.2,0,0,7.33
318,Omri CasspiSAC/NO/MIN,F,36,17.9,5.2,2.1,4.6,46.7,0.4,1.2,34.9,0.5,0.8,58.6,3.1,1,0.6,0.1,0.8,0,0,9.98
319,Cameron PayneOKC/CHI,PG,31,14.9,5.2,2.1,6.2,33.2,0.9,2.8,31.4,0.2,0.3,62.5,1.5,1.8,0.5,0.1,0.9,0,0,5.52
320,Hollis ThompsonNO/PHI,F,40,18.8,5.1,1.9,5,38.5,0.8,2.4,33.7,0.5,0.7,65.5,2.8,0.9,0.5,0.2,0.3,0,0,7.93
321,Shaun LivingstonGS,G,76,17.7,5.1,2.3,4.2,54.7,0,0,33.3,0.6,0.8,70,2,1.8,0.5,0.3,0.8,0,0,10.1
322,Cheick DialloNO,F,17,11.7,5.1,2.1,4.5,47.4,0,0,0,0.9,1.2,71.4,4.3,0.2,0.2,0.4,0.4,3,0,16.89
323,Luis ScolaBKN,F,36,12.8,5.1,2,4.2,47,0.5,1.4,34,0.7,1,67.6,3.9,1,0.4,0.1,0.9,1,0,13.96
324,Denzel ValentineCHI,SG,57,17.1,5.1,1.8,5.1,35.4,1.3,3.6,35.1,0.2,0.3,77.8,2.6,1.1,0.5,0.1,0.9,1,0,7.32
325,Dewayne DedmonSA,C,76,17.5,5.1,2.1,3.4,62.2,0,0,0,0.9,1.2,69.9,6.5,0.6,0.5,0.8,0.8,6,0,16
326,Wayne SeldenNO/MEM,G,14,16.9,5.1,1.8,4.1,43.1,0.5,2,25,1,1.6,63.6,1.1,0.9,0.4,0.1,0.9,0,0,6.96
327,Joakim NoahNY,C,46,22.1,5,2.2,4.4,49,0,0,0,0.7,1.7,43.6,8.8,2.2,0.7,0.8,1.3,5,0,15.25
328,Thomas RobinsonLAL,F,48,11.7,5,2.2,4.1,53.6,0,0,0,0.6,1.4,47,4.6,0.6,0.5,0.2,1,1,0,17.38
329,Trey BurkeWSH,PG,57,12.3,5,2,4.5,45.5,0.5,1.2,44.3,0.4,0.5,75.9,0.8,1.8,0.2,0.1,0.8,0,0,10.9
329,Anthony BennettBKN,F,23,11.5,5,1.7,4,41.3,0.6,2.1,27.1,1.1,1.6,72.2,3.4,0.5,0.2,0.1,0.5,0,0,14.72
331,Aaron BrooksIND,G,65,13.8,5,1.9,4.6,40.3,0.7,2,37.5,0.5,0.6,80,1.1,1.9,0.4,0.1,1,0,0,9.62
332,Juancho HernangomezDEN,F,62,13.6,4.9,1.6,3.6,45.1,0.7,1.8,40.7,0.9,1.2,75,3,0.5,0.5,0.2,0.5,1,0,13.41
333,Mario HezonjaORL,F,65,14.8,4.9,1.8,5.1,35.5,0.7,2.2,29.9,0.6,0.8,80,2.2,1,0.5,0.2,0.9,0,0,7.27
334,Tiago SplitterATL/PHI,C,8,9.5,4.9,1.8,3.9,45.2,0.3,0.8,33.3,1.1,1.4,81.8,2.8,0.5,0.1,0.1,0.8,0,0,15.06
334,Toney DouglasMEM,PG,24,16.4,4.9,1.8,4.9,36.8,0.3,1.8,16.7,1,1.2,82.8,2.5,2.3,0.8,0.2,0.9,0,0,10.61
336,Aron BaynesDET,C,75,15.5,4.9,1.9,3.7,51.3,0,0,0,1.1,1.3,84,4.4,0.4,0.2,0.5,0.7,2,0,13.11
337,Josh McRobertsMIA,PF,22,17.3,4.9,2,5.4,37.3,0.6,1.4,41.9,0.3,0.4,66.7,3.4,2.3,0.5,0.2,1,0,0,9.79
338,Jarell EddiePHX,F,5,12.4,4.8,1.2,3.8,31.6,0.8,3.2,25,1.6,1.8,88.9,1.4,0,0.2,0,0.2,0,0,9.68
339,Cristiano FelicioCHI,PF,66,15.8,4.8,1.9,3.3,57.9,0,0,0,0.9,1.4,64.5,4.7,0.6,0.4,0.3,0.5,3,0,15.34
340,Luke BabbittMIA,F,68,15.7,4.8,1.7,4.1,40.2,1.3,3.1,41.4,0.2,0.2,73.3,2.1,0.5,0.3,0.2,0.4,0,0,8.32
341,Kevin SeraphinIND,C,49,11.4,4.7,2.2,4,55.1,0,0,0,0.3,0.4,63.6,2.9,0.5,0.1,0.4,0.6,0,0,14.47
342,David WestGS,F,68,12.6,4.6,2,3.7,53.6,0,0.1,37.5,0.6,0.8,76.8,3,2.2,0.6,0.7,1.2,0,0,16.57
343,Isaiah CanaanCHI,G,39,15.2,4.6,1.6,4.4,36.4,0.6,2.4,26.6,0.8,0.8,90.9,1.3,0.9,0.6,0,0.5,0,0,8.12
344,Boris DiawUTAH,C,73,17.6,4.6,2,4.5,44.6,0.3,1.1,24.7,0.4,0.5,74.3,2.2,2.3,0.2,0.1,1.2,0,0,9.04
345,Roy HibbertMIL/DEN/CHA,C,48,14.2,4.6,1.7,3.1,54.4,0,0,0,1.3,1.6,81.3,3.2,0.4,0.2,1,0.7,1,0,13.58
346,Kris HumphriesATL,PF,56,12.3,4.6,1.6,3.8,40.7,0.3,1,35.2,1.1,1.5,78,3.7,0.5,0.3,0.4,0.5,0,0,13.65
347,Reggie BullockDET,SF,31,15.1,4.5,1.7,4.1,42.2,0.9,2.4,38.4,0.2,0.2,71.4,2.1,0.9,0.6,0.1,0.3,0,0,11.74
348,C.J. WatsonORL,PG,62,16.3,4.5,1.5,4,38.7,0.5,1.7,30.5,0.9,1.1,86.4,1.4,1.8,0.7,0,0.8,0,0,9.3
349,Corey BrewerLAL/HOU,F,82,15.6,4.5,1.8,4.2,42.2,0.3,1.4,22.9,0.6,0.8,73.5,2,1.2,0.7,0.2,0.7,0,0,9.16
350,Davis BertansSA,SF,67,12.1,4.5,1.5,3.5,44,1,2.6,39.9,0.4,0.5,82.4,1.5,0.7,0.3,0.4,0.5,0,0,12.94
351,Reggie WilliamsNO,SF,6,13.2,4.5,1.3,3.8,34.8,0.8,1.8,45.5,1,1.2,85.7,1,0.7,0.5,0,0,0,0,11.69
352,Jarrod UthoffDAL,F,9,12.8,4.4,1.8,4.2,42.1,0.3,1,33.3,0.6,0.8,71.4,2.6,1,0.2,0.4,0.3,0,0,14.06
353,Lucas NogueiraTOR,C,57,19.1,4.4,1.8,2.7,66,0.1,0.2,25,0.8,1.2,65.7,4.3,0.7,0.9,1.6,0.8,0,0,15.51
354,Noah VonlehPOR,F,74,17.1,4.4,1.8,3.6,48.1,0.1,0.3,35,0.8,1.3,63.8,5.2,0.4,0.4,0.4,0.9,4,0,10.78
355,Donatas MotiejunasNO/HOU,F,34,14.1,4.4,1.7,4.1,41.3,0.3,1.4,23.4,0.7,1.4,51,3,0.9,0.5,0.3,0.9,0,0,9.13
356,Stanley JohnsonDET,PF,77,17.8,4.4,1.7,4.7,35.3,0.6,2,29.2,0.5,0.7,67.9,2.5,1.4,0.7,0.3,0.9,0,0,7.18
357,Pierre Deshawn JacksonDAL,PG,8,10.5,4.4,1.6,4.9,33.3,0.4,1.4,27.3,0.8,0.9,85.7,1.1,2.4,0.3,0,0.4,0,0,13.1
358,Jordan McRaeCLE,G,37,10.4,4.4,1.6,4.1,38.7,0.5,1.4,35.3,0.7,0.9,79.4,1.1,0.5,0.2,0.2,0.4,0,0,9.77
359,Ed DavisPOR,C,46,17.2,4.3,1.6,3.1,52.8,0,0,0,1.1,1.8,61.7,5.3,0.6,0.3,0.5,0.8,3,0,11.5
360,Dorian Finney-SmithDAL,PF,81,20.3,4.3,1.5,4.1,37.2,0.7,2.4,29.3,0.6,0.8,75.4,2.7,0.8,0.6,0.3,0.6,0,0,7.68
361,Tyler EnnisLAL/HOU,G,53,11.1,4.3,1.7,3.9,43.3,0.5,1.3,38.6,0.4,0.5,84,0.8,1.6,0.5,0,0.8,0,0,10.94
362,KJ McDanielsBKN/HOU,F,49,10.3,4.2,1.6,3.4,45.6,0.4,1.3,30.3,0.7,0.8,84.2,1.7,0.3,0.4,0.4,0.6,0,0,11.59
363,Brandon RushMIN,F,47,21.9,4.2,1.5,4,37.4,0.9,2.4,38.6,0.3,0.4,72.2,2.1,1,0.5,0.5,0.6,0,0,6.62
364,Pascal SiakamTOR,PF,55,15.6,4.2,1.9,3.7,50.2,0,0.1,14.3,0.4,0.6,68.8,3.4,0.3,0.5,0.8,0.6,0,0,11.52
365,Jason TerryMIL,G,74,18.4,4.1,1.4,3.3,43.2,1,2.3,42.7,0.3,0.4,82.8,1.4,1.3,0.6,0.3,0.5,0,0,9.11
366,Ron BakerNY,G,52,16.5,4.1,1.6,4.2,37.8,0.4,1.7,26.7,0.5,0.8,65.1,1.9,2.1,0.7,0.2,1.1,0,0,7.51
367,Shabazz NapierPOR,G,53,9.7,4.1,1.4,3.5,39.9,0.6,1.7,37,0.7,0.9,77.6,1.2,1.3,0.6,0,0.8,0,0,13.61
368,Justin HarperPHI,PF,3,10.3,4,1.7,4,41.7,0.7,2.3,28.6,0,0,0,1.7,0.7,0,0,1.3,0,0,5.02
368,Edy TavaresATL/CLE,C,2,14,4,2,2.5,80,0,0,0,0,1.5,0,5.5,0.5,0,3,1,0,0,21.3
370,Patrick McCawGS,SF,71,15.1,4,1.5,3.5,43.3,0.6,1.7,33.3,0.4,0.5,78.4,1.4,1.1,0.5,0.2,0.5,0,0,8.6
371,Thon MakerMIL,F,57,9.9,4,1.5,3.2,45.9,0.5,1.3,37.8,0.6,0.9,65.3,2,0.4,0.2,0.5,0.3,0,0,14.08
372,Kay FelderCLE,G,42,9.2,4,1.5,3.8,39.2,0.2,0.5,31.8,0.8,1.2,71.4,1,1.4,0.4,0.2,0.7,0,0,11.41
373,Jarell MartinMEM,F,42,13.3,3.9,1.4,3.6,38.4,0.2,0.6,36,1,1.2,80,3.9,0.2,0.4,0.2,0.7,1,0,8.74
374,Anthony BrownNO/ORL,F,11,14.5,3.9,1.6,4.5,36,0.6,2.5,25.9,0,0,0,3,0.7,0.5,0.1,0.5,0,0,7.2
375,Jonas JerebkoBOS,F,78,15.8,3.8,1.5,3.4,43.5,0.6,1.7,34.6,0.3,0.5,70.3,3.5,0.9,0.3,0.2,0.5,0,0,9.29
376,Malik BeasleyDEN,SG,22,7.5,3.8,1.5,3.3,45.2,0.4,1.3,32.1,0.4,0.5,80,0.8,0.5,0.3,0,0.4,0,0,13.79
377,Kris DunnMIN,PG,78,17.1,3.8,1.5,4,37.7,0.3,0.9,28.8,0.5,0.8,61,2.1,2.4,1,0.5,1.1,1,0,8.13
378,Malachi RichardsonSAC,G,22,9,3.6,1.3,3.1,41.2,0.4,1.3,28.6,0.7,0.9,78.9,1,0.5,0.2,0,0.4,0,0,9.65
379,Adreian PayneMIN,PF,18,7.5,3.5,1.3,3,42.6,0.2,0.8,20,0.8,1.1,73.7,1.8,0.4,0.4,0.4,0.4,0,0,14.44
380,Tyler ZellerBOS,C,51,10.3,3.5,1.5,3.1,49.4,0,0,0,0.4,0.8,56.4,2.4,0.8,0.1,0.4,0.4,1,0,13.04
381,Tyus JonesMIN,PG,60,12.9,3.5,1.3,3,41.4,0.4,1.2,35.6,0.6,0.7,76.7,1.1,2.6,0.8,0.1,0.6,0,0,13.86
382,Brian RobertsCHA,PG,41,10.1,3.5,1.1,3,37.7,0.4,1.1,38.6,0.8,1,84.6,1,1.3,0.2,0,0.6,0,0,9.84
382,Rashad VaughnMIL,G,41,11.2,3.5,1.4,3.8,36.5,0.6,2,32.1,0,0.1,40,1.2,0.6,0.5,0.2,0.3,0,0,7.85
384,Johnny O'Bryant IIIDEN/CHA,F,11,7.3,3.5,1.4,2.7,50,0.3,0.5,50,0.5,0.5,83.3,1.7,0.5,0,0.1,0.5,0,0,14.93
385,Jose CalderonATL/LAL,G,41,13.1,3.4,1.3,3.3,41,0.5,1.6,31.3,0.3,0.3,91.7,1.8,2.1,0.3,0,1,0,0,8.94
386,Dejounte MurraySA,PG,38,8.5,3.4,1.3,3.1,43.1,0.2,0.6,39.1,0.6,0.8,70,1.1,1.3,0.2,0.2,1,0,0,9.69
387,Kyle AndersonSA,SF,72,14.2,3.4,1.3,2.9,44.5,0.2,0.6,37.5,0.6,0.8,78.9,2.9,1.3,0.7,0.4,0.5,0,0,12.59
388,Dragan BenderPHX,F,43,13.3,3.4,1.3,3.7,35.4,0.7,2.3,27.7,0.1,0.3,36.4,2.4,0.5,0.2,0.5,0.7,1,0,5.32
389,Jared SullingerTOR,C,11,10.7,3.4,1.4,4.3,31.9,0.3,1.6,16.7,0.4,0.7,50,2.5,0.3,0.4,0.1,0.4,0,0,6
390,Gary Payton IIMIL,SG,6,16.5,3.3,1.3,3.7,36.4,0.2,1.5,11.1,0.5,0.8,60,2,2.2,0.5,0.7,1.7,0,0,4.53
391,Norris ColeOKC,F,13,9.6,3.3,1.2,4,30.8,0.2,1,23.1,0.6,0.8,80,0.8,1.1,0.6,0,0.5,0,0,5.44
392,Nicolas LaprovittolaSA,G,18,9.7,3.3,1.1,2.6,42.6,0.6,1.5,37,0.5,0.5,100,0.6,1.6,0.2,0.1,1.1,0,0,8.45
393,Darrun HilliardDET,G,39,9.8,3.3,1.2,3.2,37.3,0.3,1.2,26.1,0.5,0.7,75,0.8,0.8,0.3,0.1,0.7,0,0,5.9
394,Paul PierceLAC,SF,25,11.1,3.2,1.1,2.8,40,0.6,1.7,34.9,0.4,0.5,76.9,1.9,0.4,0.2,0.2,0.6,0,0,5.69
395,Wade Baldwin IVMEM,G,33,12.3,3.2,1.1,3.5,31.3,0.1,0.7,13.6,0.9,1.1,83.8,1.4,1.8,0.5,0.2,1.2,0,0,6.58
396,Henry EllensonDET,PF,19,7.7,3.2,1.2,3.4,35.9,0.5,1.8,29.4,0.2,0.4,50,2.2,0.4,0.1,0.1,0.7,1,0,7.52
397,Briante WeberGS/CHA,G,20,10.3,3.1,1.3,3,41.7,0.1,0.5,10,0.6,0.8,68.8,1.3,1.1,0.6,0.1,0.4,0,0,11.17
398,Maurice NdourNY,SF,32,10.3,3.1,1.2,2.7,45.9,0,0.2,14.3,0.6,0.8,73.1,2,0.3,0.5,0.2,0.4,1,0,11.17
399,Jakob PoeltlTOR,C,54,11.6,3.1,1.2,2.1,58.3,0,0,0,0.6,1.1,54.4,3.1,0.2,0.3,0.4,0.5,0,0,12.19
400,Jarrett JackNO,G,2,16.5,3,1,1.5,66.7,0,0.5,0,1,1,100,0,2.5,1,0,1.5,0,0,7.68
400,Sheldon MacWSH,G,30,9.6,3,1,2.5,40,0.2,1,23.3,0.8,0.9,85.2,1.1,0.5,0.3,0.1,0.2,0,0,10.1
402,Sasha VujacicNY,SG,42,9.7,3,1,3.2,30.9,0.5,1.8,31.1,0.4,0.6,70.8,1.4,1.2,0.3,0,0.4,0,0,8.51
403,Andrew BogutCLE/DAL/PHI,C,27,21.6,2.9,1.4,3,46.9,0,0,0,0.1,0.4,27.3,8.1,1.8,0.5,0.9,1.6,0,0,9.31
404,Salah MejriDAL,C,73,12.4,2.9,1.2,1.9,64.2,0,0,33.3,0.5,0.8,59,4.2,0.2,0.4,0.8,0.5,1,0,14.86
405,Lavoy AllenIND,F,61,14.3,2.9,1.3,2.8,45.8,0,0,0,0.4,0.5,69.7,3.6,0.9,0.3,0.4,0.5,2,0,11.65
406,Fred VanVleetTOR,SG,37,7.9,2.9,1.1,3,35.1,0.3,0.8,37.9,0.5,0.6,81.8,1.1,0.9,0.4,0.1,0.4,0,0,10.54
407,Alan AndersonLAC,SG,30,10.3,2.9,1,2.7,37.5,0.5,1.5,31.8,0.4,0.5,75,0.8,0.4,0.1,0,0.2,0,0,5
408,Jeff WitheyUTAH,C,51,8.5,2.9,1.1,2,53.4,0,0,0,0.7,0.9,75,2.4,0.1,0.3,0.6,0.3,0,0,18.83
409,Semaj ChristonOKC,PG,64,15.2,2.9,1.2,3.5,34.5,0.2,1,19,0.3,0.5,54.8,1.4,2,0.4,0.1,0.7,0,0,5.72
410,James Michael McAdooGS,SF,52,8.8,2.8,1.2,2.3,53,0,0.2,25,0.4,0.8,50,1.7,0.3,0.3,0.6,0.4,0,0,13.14
411,Okaro WhiteMIA,F,35,13.5,2.8,0.9,2.5,37.9,0.3,1,35.3,0.6,0.6,90.9,2.3,0.6,0.3,0.3,0.5,0,0,7.54
411,Marcus Georges-HuntMIA/ORL,F,5,9.6,2.8,0.4,1.4,28.6,0.2,0.4,50,1.8,2,90,1.8,0.6,0.2,0,0.4,0,0,10.25
411,Chinanu OnuakuHOU,C,5,10.4,2.8,1,1.4,71.4,0,0,0,0.8,0.8,100,2,0.6,0.6,0.2,0.8,0,0,12.3
414,Nicolas BrussinoDAL,SF,54,9.6,2.8,1,2.6,36.9,0.5,1.8,30.5,0.3,0.4,77.3,1.7,0.9,0.3,0.1,0.5,0,0,10.75
415,James JonesCLE,SG,48,7.9,2.8,0.9,1.9,47.8,0.6,1.4,47,0.3,0.4,65,0.8,0.3,0.1,0.2,0.2,0,0,11.19
415,Kyle SinglerOKC,F,32,12,2.8,1.1,2.6,41,0.2,1.2,18.9,0.4,0.5,76.5,1.5,0.3,0.2,0.2,0.3,0,0,5.93
415,Axel ToupaneNO/MIL,SG,4,11.8,2.8,1.3,2.3,55.6,0.3,1,25,0,0,0,0.3,0,0.3,0.3,0,0,0,6.26
418,Omer AsikNO,C,31,15.5,2.7,1,2.1,47.7,0,0,0,0.7,1.3,59,5.3,0.5,0.2,0.3,0.5,1,0,9.78
419,Marcelinho HuertasLAL,PG,23,10.3,2.7,1.1,3,36.8,0.2,0.8,21.1,0.4,0.7,52.9,1,2.3,0.4,0.1,0.8,0,0,9.1
420,Wesley JohnsonLAC,F,68,11.9,2.7,1.1,2.9,36.5,0.4,1.7,24.6,0.2,0.3,64.7,2.7,0.3,0.4,0.4,0.3,0,0,8.41
421,Tomas SatoranskyWSH,SG,57,12.6,2.7,1.1,2.6,41.5,0.2,0.6,24.3,0.4,0.6,69.7,1.5,1.6,0.5,0.1,0.7,1,0,8.49
422,Christian WoodCHA,C,13,8.2,2.7,0.9,1.8,52.2,0,0.4,0,0.8,1.2,73.3,2.2,0.2,0.2,0.5,0.5,0,0,15.1
423,DeAndre' BembryATL,SG,38,9.8,2.7,1.2,2.6,48,0,0.5,5.6,0.2,0.4,37.5,1.6,0.8,0.2,0.1,0.4,0,0,8.98
424,Andrew NicholsonWSH/BKN,F,38,9,2.6,1.1,2.9,38.7,0.1,0.7,18.5,0.2,0.4,64.3,1.6,0.3,0.4,0.2,0.4,0,0,5.97
425,Bryn ForbesSA,SG,36,7.9,2.6,1,2.8,36.4,0.5,1.5,32.1,0.1,0.2,83.3,0.6,0.7,0,0,0.3,0,0,6.09
426,Kevon LooneyGS,C,53,8.4,2.5,1.1,2,52.3,0,0.2,22.2,0.4,0.6,61.8,2.3,0.5,0.3,0.3,0.3,0,0,13.6
427,Pat ConnaughtonPOR,SG,39,8.1,2.5,0.9,1.8,51.4,0.4,0.8,51.5,0.2,0.2,77.8,1.3,0.7,0.2,0.1,0.4,0,0,11.84
428,Miles PlumleeMIL/CHA,C,45,10.8,2.5,1,2,47.8,0,0,0,0.6,0.9,64.1,2.1,0.5,0.4,0.3,0.7,0,0,8.43
429,Mike ScottATL,PF,18,10.8,2.5,0.9,3.3,28.8,0.2,1.5,14.8,0.4,0.4,87.5,2.1,0.9,0.2,0.2,0.4,0,0,5.95
429,Raul NetoUTAH,PG,40,8.7,2.5,1,2.3,45.1,0.3,0.8,32.3,0.2,0.2,88.9,0.8,0.9,0.5,0.1,0.4,0,0,10.75
431,Bobby BrownHOU,PG,25,4.9,2.5,0.9,2.4,38.3,0.6,1.4,40,0.1,0.1,100,0.2,0.6,0,0,0.2,0,0,10.9
432,DeAndre LigginsCLE/DAL,G,62,12.5,2.5,0.9,2.3,38.7,0.3,0.7,37,0.4,0.6,62.5,1.7,0.9,0.8,0.2,0.7,0,0,7.51
433,James YoungBOS,G,29,7.6,2.3,0.9,2,43.1,0.4,1.2,34.3,0.2,0.3,66.7,0.9,0.1,0.3,0.1,0.1,0,0,10.08
434,Chris AndersenCLE,PF,12,9.5,2.3,0.8,1.8,40.9,0,0.3,0,0.8,1.2,71.4,2.6,0.4,0.4,0.6,0.4,0,0,11.64
434,Greivis VasquezBKN,PG,3,13,2.3,0.7,2.7,25,0.3,1,33.3,0.7,1,66.7,0.7,1.7,0.3,0.3,0.3,0,0,4.1
436,Metta World PeaceLAL,SF,25,6.4,2.3,0.8,2.7,27.9,0.4,1.5,23.7,0.4,0.6,62.5,0.8,0.4,0.4,0.1,0.3,0,0,6.52
437,Chris McCulloughWSH/BKN,F,16,5,2.3,1,2,50,0.1,0.4,14.3,0.2,0.3,60,1.2,0.1,0.1,0.1,0.2,0,0,15.28
438,Jake LaymanPOR,SF,35,7.1,2.2,0.7,2.5,29.2,0.4,1.5,25.5,0.4,0.5,76.5,0.7,0.3,0.2,0.1,0.3,0,0,4.76
439,AJ HammonsDAL,C,22,7.4,2.2,0.8,1.9,40.5,0.2,0.5,50,0.4,0.9,45,1.6,0.2,0,0.6,0.5,0,0,8.41
440,Treveon GrahamCHA,F,27,7,2.1,0.7,1.5,47.5,0.3,0.6,60,0.4,0.6,66.7,0.8,0.2,0.2,0,0.1,0,0,10.61
441,Joe YoungIND,G,33,4.1,2.1,0.8,2.2,36.1,0.2,0.7,21.7,0.3,0.5,73.3,0.5,0.5,0.1,0,0.2,0,0,11.52
442,Rakeem ChristmasIND,PF,29,7.6,2,0.7,1.5,44.2,0,0,0,0.7,1,72.4,1.9,0.1,0.1,0.2,0.3,0,0,10.41
443,Gary NealATL,PG,2,9,2,0,3.5,0,0,1,0,2,2,100,0.5,0.5,0,0,0,0,0,-4.25
443,Manny HarrisDAL,PG,4,6.3,2,0.8,3.8,20,0,0.5,0,0.5,1,50,2.3,0.5,0,0,0.5,0,0,-2.1
443,Demetrius JacksonBOS,G,5,3.4,2,0.6,0.8,75,0.2,0.2,100,0.6,1.2,50,0.8,0.6,0,0,0,0,0,30.87
446,Udonis HaslemMIA,PF,16,8.1,1.9,0.7,1.4,47.8,0,0.2,0,0.6,0.9,60,2.3,0.4,0.4,0.1,0.5,0,0,8.83
446,Tim QuartermanPOR,G,16,5,1.9,0.8,1.8,44.8,0.3,0.8,38.5,0,0.2,0,0.9,0.7,0.1,0.2,0.7,0,0,10.22
448,Marshall PlumleeNY,C,21,8.1,1.9,0.8,1.4,55.2,0,0,0,0.4,0.9,42.1,2.4,0.5,0.2,0.2,0.6,1,0,11.13
449,Damian JonesGS,C,10,8.5,1.9,0.8,1.6,50,0,0,0,0.3,1,30,2.3,0,0.1,0.4,0.6,0,0,5.32
450,Joel BolomboyUTAH,PF,12,4.4,1.8,0.8,1.3,56.3,0.1,0.3,25,0.3,0.5,50,1.4,0.2,0.1,0.2,0.2,0,0,19.75
451,Damjan RudezORL,SF,45,7,1.8,0.7,2,35.2,0.4,1.4,31.3,0,0,0,0.6,0.4,0.3,0,0.2,0,0,6.38
452,Lamar PattersonATL,SG,5,8,1.8,0.6,3,20,0.2,1.2,16.7,0.4,0.6,66.7,1.4,1.2,0.2,0,0.8,0,0,-1.83
453,John JenkinsPHX,G,4,3.3,1.8,0.5,1.3,40,0.3,0.5,50,0.5,0.5,100,0.3,0.3,0,0,0,0,0,17.37
454,Jordan HillMIN,C,7,6.7,1.7,0.7,1.9,38.5,0,0,0,0.3,0.3,100,2,0,0.1,0,0.6,0,0,5.55
455,Cole AldrichMIN,C,62,8.6,1.7,0.7,1.4,52.3,0,0,0,0.2,0.4,68.2,2.5,0.4,0.4,0.4,0.3,1,0,12.69
456,Nick CollisonOKC,F,20,6.4,1.7,0.7,1.2,60.9,0,0.1,0,0.3,0.4,62.5,1.6,0.6,0.1,0.1,0.2,0,0,12.95
457,Deyonta DavisMEM,F,36,6.6,1.6,0.7,1.3,51.1,0,0,0,0.3,0.5,55.6,1.7,0.1,0.1,0.5,0.2,0,0,10.61
458,Ryan KellyATL,PF,16,6.9,1.6,0.5,1.8,28.6,0.3,0.6,40,0.3,0.4,83.3,1.1,0.5,0.3,0.3,0.3,0,0,7.84
459,Bruno CabocloTOR,F,9,4.4,1.6,0.7,1.8,37.5,0.2,0.7,33.3,0,0,0,1.1,0.4,0.2,0.1,0.2,0,0,14.62
460,Jordan MickeyBOS,F,25,5.6,1.5,0.6,1.4,44.1,0,0,0,0.3,0.6,57.1,1.4,0.3,0.1,0.2,0.4,0,0,9.89
461,Elijah MillsapPHX,F,2,11.5,1.5,0.5,3.5,14.3,0,1,0,0.5,1,50,3,0.5,0,0,1,0,0,-3.41
461,Jarnell StokesDEN,C,2,3.5,1.5,0.5,0.5,100,0,0,0,0.5,1,50,1,1,0.5,0,0,0,0,31.53
463,Diamond StoneLAC,C,7,3.4,1.4,0.4,1.9,23.1,0,0,0,0.6,0.6,100,0.9,0,0,0.1,0.3,0,0,-1.15
464,Mike MillerDEN,SG,20,7.6,1.4,0.5,1.2,39.1,0.4,1,40,0.1,0.1,100,1.9,1.1,0.1,0,0.7,0,0,7.58
465,Brice JohnsonLAC,PF,3,3,1.3,0.7,2.3,28.6,0,0,0,0,0,0,1,0.3,0.7,0.3,0.3,0,0,17.28
466,Joel AnthonySA,C,19,6.4,1.3,0.5,0.8,62.5,0,0,0,0.3,0.4,62.5,1.6,0.2,0.1,0.3,0.2,0,0,11.65
467,Anderson VarejaoGS,C,14,6.6,1.3,0.4,1,35.7,0,0,0,0.6,0.8,72.7,1.9,0.7,0.2,0.2,0.6,0,0,9.43
468,Daniel OchefuWSH,PF,19,3.9,1.3,0.6,1.4,44.4,0,0,0,0,0.1,0,1.2,0.2,0.1,0,0.2,0,0,6.64
469,Stephen ZimmermanORL,C,19,5.7,1.2,0.5,1.6,32.3,0,0,0,0.2,0.3,60,1.8,0.2,0.1,0.3,0.2,0,0,7.32
470,Ronnie PricePHX,PG,14,9.6,1,0.3,1.7,16.7,0.2,1.2,17.6,0.2,0.3,75,0.8,1.3,0.8,0.1,0.2,0,0,5.94
470,Mike TobeyCHA,C,2,12.5,1,0.5,2,25,0,0,0,0,0,0,1.5,0.5,0,0,0.5,0,0,-0.06
472,CJ WilcoxORL,G,22,4.9,1,0.4,1.4,25.8,0.1,0.7,20,0.1,0.1,100,0.5,0.5,0.1,0,0.3,0,0,2.9
473,Kyle WiltjerHOU,F,14,3.1,0.9,0.3,1,28.6,0.3,0.9,30.8,0.1,0.1,50,0.7,0.1,0.2,0.1,0.4,0,0,6.78
474,Georges NiangIND,SF,23,4,0.9,0.4,1.6,25,0,0.5,8.3,0.1,0.1,100,0.7,0.2,0.1,0,0.2,0,0,0.12
475,Alonzo GeeDEN,SG,13,6.8,0.8,0.2,1.1,21.4,0,0.2,0,0.4,0.7,55.6,1.2,0.5,0.4,0.1,0.3,0,0,3.14
476,Larry SandersCLE,PF,5,2.6,0.8,0.2,0.8,25,0,0,0,0.4,0.4,100,0.8,0,0.2,0.2,0.4,0,0,6.56
477,Isaiah TaylorHOU,G,4,13,0.8,0.3,1.8,14.3,0,0.5,0,0.3,0.5,50,0.8,0.8,0.3,0.3,0,0,0,0.28
478,Steve NovakMIL,SF,8,2.8,0.6,0.3,0.9,28.6,0.1,0.8,16.7,0,0,0,0.4,0,0,0,0,0,0,1.35
479,Arinze OnuakuORL,PF,8,3.5,0.5,0.3,0.5,50,0,0,0,0,0,0,0.8,0.3,0,0.1,0.3,0,0,5.79
480,Michael GbinijeDET,SG,9,3.6,0.4,0.1,1.1,10,0,0.4,0,0.2,0.2,100,0.3,0.2,0,0,0,0,0,-2.08
481,John Lucas IIIMIN,PG,5,2.2,0.4,0.2,0.8,25,0,0.2,0,0,0,0,0,0.2,0.4,0,0,0,0,9.17
482,Aaron HarrisonCHA,G,5,3.4,0.2,0,0.8,0,0,0.4,0,0.2,0.4,50,0.6,0.6,0,0,0,0,0,-2.16